"namelookup","connect","appconnect","pretransfer","redirect","starttransfer","total","result"
0.028653, 0.052040, 0.000000, 0.052156, 0.000000, 0.139593, 0.144619
0.012292, 0.037004, 0.000000, 0.037098, 0.000000, 0.111622, 0.118939
0.012330, 0.031631, 0.000000, 0.031700, 0.000000, 0.125683, 0.129743
0.012351, 0.032964, 0.000000, 0.033055, 0.000000, 0.119009, 0.124065
0.012402, 0.033986, 0.000000, 0.034102, 0.000000, 0.124324, 0.130353
0.012366, 0.034163, 0.000000, 0.034253, 0.000000, 0.121568, 0.128467
